{"cameraMode":{"drawMode":0,"name":"Shaded","section":"Shading Mode"},"sceneLighting":true,"audioPlay":false,"sceneViewState":{"showFog":true,"showMaterialUpdate":false,"showSkybox":true,"showFlares":true,"showImageEffects":true,"showParticleSystems":true},"in2DMode":false,"pivot":{"x":2.0597410202026369,"y":4.493528842926025,"z":-1.9578733444213868},"rotation":{"x":0.22551408410072328,"y":-0.3526689410209656,"z":0.08798782527446747,"w":0.9038947820663452},"size":12.461819648742676,"orthographic":false}